Date,Visitors
2025-07-11,295
2025-07-12,95
2025-07-13,184
2025-07-14,162
2025-07-15,284
2025-07-17,446
2025-07-18,196
2025-07-19,295
2025-07-20,263
2025-07-21,237
2025-07-22,288
2025-07-24,312
2025-07-25,106
2025-07-26,353
2025-07-27,253
2025-07-28,256
2025-07-29,227
2025-07-30,47
2025-07-31,417
2025-08-01,318
2025-08-02,302
2025-08-03,260
2025-08-04,175
2025-08-06,316
2025-08-08,287
2025-08-09,364
2025-08-10,1278
2025-08-11,712
2025-08-12,398
2025-08-13,330
2025-08-14,522
2025-08-15,506
2025-08-16,307
2025-08-17,304
2025-08-18,268
2025-08-19,263
2025-08-20,471
2025-08-21,437
2025-08-22,283
2025-08-23,242
2025-08-24,213
2025-08-25,176
2025-08-26,177
2025-08-27,105
2025-08-28,282
2025-08-29,255
2025-08-30,40
2025-08-31,146
2025-09-01,27
2025-09-03,130
2025-09-04,152
2025-09-05,266
2025-09-06,69
2025-09-07,117
2025-09-08,145
2025-09-09,219
2025-09-10,415
2025-09-11,303
2025-09-12,248
2025-09-13,249
2025-09-14,194
2025-09-15,144
2025-09-16,184
2025-09-17,244
2025-09-18,673
2025-09-23,236
2025-09-24,170
2025-09-25,388
2025-09-26,262
2025-09-27,194
2025-09-29,240
2025-09-30,212
2025-10-02,358
2025-10-03,454
2025-10-04,230
2025-10-05,321
2025-10-06,211
2025-10-07,148
2025-10-08,167
2025-10-09,136
2025-10-10,77
2025-10-11,98
2025-10-12,59
2025-10-13,19
2025-10-14,70
2025-10-15,220
2025-10-16,43
2025-10-17,70
2025-10-18,43
2025-10-19,105
2025-10-20,63
2025-10-21,58
2025-10-22,55
2025-10-23,48
2025-10-24,98
2025-10-25,146
2025-10-26,60
2025-10-27,85
2025-10-28,20
2025-10-29,40
2025-10-30,53
2025-11-01,10
2025-11-02,14
2025-11-03,55
2025-11-04,36
2025-11-05,8
2025-11-06,18
2025-11-07,22
2025-11-08,19
2025-11-09,26
2025-11-12,12
2025-11-13,16
2025-11-14,58
2025-11-15,14
2025-11-16,13
2025-11-17,26
2025-11-18,1
2025-11-19,23
2025-11-20,2
2025-11-21,7
2025-11-22,11
2025-11-24,16
2025-11-25,5
2025-11-26,3
2025-11-27,21
2025-11-28,25
2025-11-30,9
2025-12-01,4
2025-12-02,3
2025-12-06,5
2025-12-07,6
2025-12-09,2
2025-12-10,6
2025-12-11,7
2025-12-12,5
2025-12-13,9
2025-12-14,4
2025-12-15,5
2025-12-16,6
2025-12-17,3
2025-12-23,5
2025-12-24,4
2025-12-25,8
2025-12-26,5
2025-12-27,40
2025-12-28,7
2025-12-29,19
2025-12-30,13
2025-12-31,6
2026-01-01,0
2026-01-02,39
2026-01-03,13
2026-01-04,80
2026-01-05,22
2026-01-06,3
2026-01-07,3
2026-01-08,5
2026-01-09,1
2026-01-10,1
2026-01-11,14
2026-01-12,5
2026-01-13,11
2026-01-14,4
2026-01-15,12
2026-01-16,3
2026-01-17,8
2026-01-19,5
2026-01-20,20
2026-01-21,49
2026-01-22,10
2026-01-23,6
2026-01-24,1
2026-01-25,5
2026-01-26,8
2026-01-27,17
2026-01-28,10
2026-01-29,13
2026-01-30,8
2026-01-31,40
2026-02-01,44
2026-02-02,44
2026-02-03,19
2026-02-04,22
2026-02-05,13
2026-02-06,14
2026-02-07,12
2026-02-08,7
2026-02-09,0
2026-02-10,0
2026-02-11,15
2026-02-12,34
2026-02-13,6
2026-02-14,3
2026-02-15,3
2026-02-16,7
2026-02-17,15
2026-02-18,14
2026-02-19,7
2026-02-20,9
2026-02-21,6
2026-02-22,85
2026-02-23,19
2026-02-24,15
2026-02-25,15
2026-02-26,11
2026-02-27,6
2026-02-28,0
2026-03-01,4
2026-03-02,5
2026-03-03,17
2026-03-04,5
2026-03-05,8
2026-03-06,8
2026-03-07,3
2026-03-08,29
2026-03-09,1
2026-03-10,9
2026-03-11,0
2026-03-12,2
