Date,Visitors
2025-07-11,295
2025-07-12,95
2025-07-13,184
2025-07-14,162
2025-07-15,284
2025-07-17,446
2025-07-18,196
2025-07-19,295
2025-07-20,263
2025-07-21,237
2025-07-22,288
2025-07-24,312
2025-07-25,106
2025-07-26,353
2025-07-27,253
2025-07-28,256
2025-07-29,227
2025-07-30,47
2025-07-31,417
2025-08-01,318
2025-08-02,302
2025-08-03,260
2025-08-04,175
2025-08-06,316
2025-08-08,287
2025-08-09,364
2025-08-10,1278
2025-08-11,712
2025-08-12,398
2025-08-13,330
2025-08-14,522
2025-08-15,506
2025-08-16,307
2025-08-17,304
2025-08-18,268
2025-08-19,263
2025-08-20,471
2025-08-21,437
2025-08-22,283
2025-08-23,242
2025-08-24,213
2025-08-25,176
2025-08-26,177
2025-08-27,105
2025-08-28,282
2025-08-29,255
2025-08-30,40
2025-08-31,146
2025-09-01,27
2025-09-03,130
2025-09-04,152
2025-09-05,266
2025-09-06,69
2025-09-07,117
2025-09-08,145
2025-09-09,219
2025-09-10,415
2025-09-11,303
2025-09-12,248
2025-09-13,249
2025-09-14,194
2025-09-15,144
2025-09-16,184
2025-09-17,244
2025-09-18,673
2025-09-23,236
2025-09-24,170
2025-09-25,388
2025-09-26,262
2025-09-27,194
2025-09-29,240
2025-09-30,212
2025-10-02,358
2025-10-03,454
2025-10-04,230
2025-10-05,321
2025-10-06,211
2025-10-07,148
2025-10-08,167
2025-10-09,136
2025-10-10,77
2025-10-11,98
2025-10-12,59
2025-10-13,19
2025-10-14,70
2025-10-15,220
2025-10-16,43
2025-10-17,70
2025-10-18,43
2025-10-19,105
2025-10-20,63
2025-10-21,58
2025-10-22,55
2025-10-23,48
2025-10-24,98
2025-10-25,146
2025-10-26,60
2025-10-27,85
2025-10-28,20
2025-10-29,40
2025-10-30,53
2025-11-01,10
2025-11-02,14
2025-11-03,55
2025-11-04,36
2025-11-05,8
2025-11-06,18
2025-11-07,22
2025-11-08,19
2025-11-09,26
2025-11-12,12
2025-11-13,16
2025-11-14,58
2025-11-15,14
2025-11-16,13
2025-11-17,26
2025-11-18,1
2025-11-19,23
2025-11-20,2
2025-11-21,7
2025-11-22,11
2025-11-24,16
2025-11-25,5
2025-11-26,3
2025-11-27,21
2025-11-28,25
2025-11-30,9
2025-12-01,4
2025-12-02,0
2025-12-06,0
2025-12-07,0
2025-12-09,0
2025-12-10,0
2025-12-11,0
2025-12-12,0
2025-12-13,0
2025-12-14,0
2025-12-15,0
2025-12-16,0
2025-12-17,6
2025-12-23,0
